percent_500m,percent_walk,percent_walk_morning,total_pop,country,city
0.9261662,0.813764293865846,0.8093365115647603,783373.5743527412,Croatia,Zagreb
